<?xml version='1.0' encoding='UTF-8'?>

<server xmlns="urn:jboss:domain:2.2">
  <extensions>
    <extension module="org.jboss.as.clustering.infinispan"/>
    <extension module="org.jboss.as.connector"/>
    <extension module="org.jboss.as.deployment-scanner"/>
    <extension module="org.jboss.as.ee"/>
    <extension module="org.jboss.as.ejb3"/>        
    <extension module="org.jboss.as.jaxrs"/>
    <extension module="org.jboss.as.jdr"/>
    <extension module="org.jboss.as.jmx"/>
    <extension module="org.jboss.as.jpa"/>
    <extension module="org.jboss.as.jsf"/>
    <extension module="org.jboss.as.jsr77"/>
    <extension module="org.jboss.as.logging"/>
    <extension module="org.jboss.as.mail"/>
    <extension module="org.jboss.as.messaging"/>
    <extension module="org.jboss.as.naming"/>
    <extension module="org.jboss.as.pojo"/>
    <extension module="org.jboss.as.remoting"/>
    <extension module="org.jboss.as.sar"/>
    <extension module="org.jboss.as.security"/>
    <extension module="org.jboss.as.transactions"/>
    <extension module="org.jboss.as.webservices"/>
    <extension module="org.jboss.as.weld"/>
    <extension module="org.wildfly.extension.batch"/>
    <extension module="org.wildfly.extension.io"/>
    <extension module="org.wildfly.extension.undertow"/>
  </extensions>
  
  <management>
    <security-realms>
      <security-realm name="ManagementRealm">
        <server-identities>
          <ssl>
						<keystore path="../conf/security/keystore.jks" relative-to="jboss.home.dir" keystore-password="${javax.net.ssl.keyStorePassword}"/>
          </ssl>
        </server-identities>
        <authentication>
          <local default-user="$local"/>
          <properties path="mgmt-users.properties" relative-to="jboss.server.config.dir"/>
        </authentication>			
      </security-realm>

      <security-realm name="ApplicationRealm">
        <server-identities>
          <ssl>
            <keystore path="../conf/security/keystore.jks" relative-to="jboss.home.dir" keystore-password="${javax.net.ssl.keyStorePassword}"/>
          </ssl>
        </server-identities>
        <authentication>
          <local default-user="$local" allowed-users="*"/>
          <properties path="application-users.properties" relative-to="jboss.server.config.dir"/>
        </authentication>
        <authorization>
          <properties path="application-roles.properties" relative-to="jboss.server.config.dir"/>
        </authorization>
      </security-realm>
      <security-realm name="DCMRealm">
        <plug-ins>
          <plug-in module="com.brocade.appclient"/>
        </plug-ins>
        <server-identities>
          <ssl>
            <keystore path="../conf/security/keystore.jks" relative-to="jboss.home.dir" keystore-password="${javax.net.ssl.keyStorePassword}"/>
          </ssl>
        </server-identities>            
        <authentication>
          <plug-in name="Anonymous" />											
        </authentication>				
      </security-realm>
    </security-realms>

    <management-interfaces>
      <native-interface security-realm="ManagementRealm">
        <socket-binding native="management-native"/>
      </native-interface>
      <http-interface security-realm="ManagementRealm">
        <socket-binding https="management-https"/>
      </http-interface>
    </management-interfaces>
  </management>
  
  <profile>
    <subsystem xmlns="urn:jboss:domain:logging:2.0">
      <console-handler name="CONSOLE">
        <level name="INFO"/>
        <formatter>
          <pattern-formatter pattern="%K{level}%d{yyyy-MM-dd HH:mm:ss,SSS} %-5p [%c] (%t) %s%E%n"/>
        </formatter>
      </console-handler>

      <custom-handler name="SERVER_LOG" class="com.brocade.dcm.logmanager.handler.RollingAndCompressingHandler" module="com.brocade.log-handler">
        <formatter>
          <pattern-formatter pattern="%d{yyyy-MM-dd HH:mm:ss,SSS} %-5p [%c] (%t) %s%E%n"/>
        </formatter>
        <properties>
          <property name="suffix" value=".yyyy-MM-dd" />
          <property name="fileName" value="${dcm.home}/logs/server/server.log" />
          <property name="optimizeLogMessage" value="true" />
        </properties>
      </custom-handler>
      
      <custom-handler name="MONITOR" class="com.brocade.dcm.logmanager.handler.RollingAndCompressingHandler" module="com.brocade.log-handler">
        <formatter>
          <pattern-formatter pattern="%d{yyyy-MM-dd HH:mm:ss,SSS} %-5p [%c] (%t) %s%E%n"/>
        </formatter>	  
        <properties>
          <property name="suffix" value=".yyyy-MM-dd" />		
          <property name="fileName" value="${dcm.home}/logs/server/monitor.log" />
        </properties>
      </custom-handler>
      
      <custom-handler name="DIAGNOSTICS" class="com.brocade.dcm.logmanager.handler.RollingAndCompressingHandler" module="com.brocade.log-handler">
        <formatter>
          <pattern-formatter pattern="%d{yyyy-MM-dd HH:mm:ss,SSS} %-5p [%c] (%t) %s%E%n"/>
        </formatter>	  
        <properties>
          <property name="suffix" value=".yyyy-MM-dd" />		
          <property name="fileName" value="${dcm.home}/logs/server/diag.log" />
        </properties>
      </custom-handler>
      
      <custom-handler name="DB_TRANSACTIONS" class="com.brocade.dcm.logmanager.handler.RollingAndCompressingHandler" module="com.brocade.log-handler">
        <formatter>
          <pattern-formatter pattern="%d{yyyy-MM-dd HH:mm:ss,SSS} %-5p [%c] (%t) %s%E%n"/>
        </formatter>	  
        <properties>
          <property name="suffix" value=".yyyy-MM-dd" />		
          <property name="fileName" value="${dcm.home}/logs/server/dbtx.log" />
        </properties>
      </custom-handler>  
      
      <logger category="com.arjuna">
        <level name="WARN"/>
      </logger>
      <logger category="org.apache.tomcat.util.modeler">
        <level name="WARN"/>
      </logger>
      <logger category="org.jboss">
        <level name="INFO"/>
      </logger>            
      <logger category="sun.rmi">
        <level name="WARN"/>
      </logger>
      <!-- DCM loggers -->
      <logger category="com.brocade">
        <level name="INFO"/>
      </logger>      

      <logger category="com.mdsmp">
        <level name="INFO"/>
      </logger>

      <!-- Limit HCM categories -->
      <logger category="com.brocade.hba.proxy">
        <level name="WARN" />
      </logger>

      <logger category="com.brocade.hba.util">
        <level name="WARN" />
      </logger>
      <!-- Redirect the System Monitor logs to MONITOR appender -->
      <logger category="com.brocade.dcm.system.monitor.SystemMonitorTimerTask" use-parent-handlers="false">
        <level name="INFO" />
        <handlers>                    
          <handler name="MONITOR"/>
        </handlers>
      </logger>
      <logger category="com.brocade.dcm.system.monitor.TimeCheck" use-parent-handlers="false">
        <level name="INFO" />
        <handlers>                    
          <handler name="MONITOR"/>
        </handlers>
      </logger>

      <!--  Redirect the diag logs to DIAGNOSTICS appender -->
      <logger category="com.brocade.dcm.system.diag.DiagServiceManager" use-parent-handlers="false">
        <level name="INFO" />              
        <handlers>                    
          <handler name="DIAGNOSTICS"/>
        </handlers>
      </logger>

      <!--  Redirect DB Transaction logs to DB_TRANSACTIONS appender -->
      <logger category="com.foundrynet.server.DataAccess.DBTransactionMonitor" use-parent-handlers="false">
        <level name="INFO" />              
        <handlers>                    
          <handler name="DB_TRANSACTIONS"/>
        </handlers>
      </logger>
      <logger category="com.brocade.efcm.domain.dao.CustomDaoManager" use-parent-handlers="false">
        <level name="INFO" />
        <handlers>                    
          <handler name="DB_TRANSACTIONS"/>
        </handlers>
      </logger>
      
      <root-logger>
        <level name="INFO"/>
        <handlers>                    
          <handler name="SERVER_LOG"/>
        </handlers>
      </root-logger>
    </subsystem>
    
    <subsystem xmlns="urn:jboss:domain:batch:1.0">
      <job-repository>
        <in-memory/>
      </job-repository>
      <thread-pool>
        <max-threads count="10"/>
        <keepalive-time time="30" unit="seconds"/>
      </thread-pool>
    </subsystem>
    
    <subsystem xmlns="urn:jboss:domain:datasources:2.0">
      <datasources>
        <datasource jta="false" jndi-name="java:jboss/datasources/DCMNoTxDS" pool-name="DCMNoTxDS" enabled="true" use-java-context="true">
          <connection-url>jdbc:postgresql://${database.host:localhost}:${database.port:5432}/${database.name:dcmdb}</connection-url>
          <driver-class>org.postgresql.Driver</driver-class>
          <connection-property name="char.encoding">
            UTF-8
          </connection-property>
          <connection-property name="loglevel">
            0
          </connection-property>
          <connection-property name="logUnclosedConnections">
            false
          </connection-property>
          <connection-property name="loginTimeout">
            30
          </connection-property>
          <connection-property name="socketTimeout">
            0
          </connection-property>
          <driver>postgresql</driver>
          <new-connection-sql>select 1</new-connection-sql>
          <transaction-isolation>TRANSACTION_READ_COMMITTED</transaction-isolation>
          <pool>
            <min-pool-size>5</min-pool-size>
            <max-pool-size>60</max-pool-size>
            <use-strict-min>true</use-strict-min>
          </pool>
          <security>
            <security-domain>DCMDbRealm</security-domain>
          </security>
          <validation>
            <check-valid-connection-sql>select 1</check-valid-connection-sql>
          </validation>
          <timeout>
            <blocking-timeout-millis>${DCMNoTxDS.blocking.timeout:90000}</blocking-timeout-millis>
            <idle-timeout-minutes>${DCMNoTxDS.idle.timeout:15}</idle-timeout-minutes>                        
            <!-- query timeout is not configured at data source level because we have some long 
            running queries that need to override the query timeout per statement execution -->
          </timeout>
          <statement>
            <track-statements>false</track-statements>
          </statement>
        </datasource>
        <drivers>
          <driver name="postgresql" module="org.postgresql"/>
        </drivers>
      </datasources>
    </subsystem>

    <subsystem xmlns="urn:jboss:domain:deployment-scanner:2.0">		
      <deployment-scanner name="bna-app-deployer" path="../../deploy" relative-to="jboss.server.base.dir" auto-deploy-zipped="false" auto-deploy-exploded="false"/>		
    </subsystem>

    <subsystem xmlns="urn:jboss:domain:ee:2.0">
      <global-modules>
        <module name="com.ibatis" slot="main" />
        <module name="org.postgresql" slot="main"/>
      </global-modules>
      <spec-descriptor-property-replacement>false</spec-descriptor-property-replacement>
      <jboss-descriptor-property-replacement>true</jboss-descriptor-property-replacement>
    </subsystem>

    <subsystem xmlns="urn:jboss:domain:ejb3:2.0">
      <session-bean>
        <stateless>
          <bean-instance-pool-ref pool-name="slsb-strict-max-pool"/>
        </stateless>
        <stateful default-access-timeout="${jboss.ejb3.default.access.timeout:5000}" cache-ref="simple"/>
        <singleton default-access-timeout="${jboss.ejb3.default.access.timeout:5000}"/>
      </session-bean>
      <mdb>
        <resource-adapter-ref resource-adapter-name="hornetq-ra"/>
        <bean-instance-pool-ref pool-name="mdb-strict-max-pool"/>
      </mdb>
      <pools>
        <bean-instance-pools>
          <strict-max-pool name="slsb-strict-max-pool" max-pool-size="${jboss.ejb3.instance.pool.max.size:20}" instance-acquisition-timeout="5" instance-acquisition-timeout-unit="MINUTES"/>
          <strict-max-pool name="mdb-strict-max-pool" max-pool-size="${jboss.ejb3.instance.pool.max.size:20}" instance-acquisition-timeout="5" instance-acquisition-timeout-unit="MINUTES"/>
        </bean-instance-pools>
      </pools>
      <caches>
        <cache name="simple" aliases="NoPassivationCache"/>
        <cache name="passivating" passivation-store-ref="file" aliases="SimpleStatefulCache"/>
      </caches>
      <passivation-stores>
        <file-passivation-store name="file"/>
      </passivation-stores>
      <async thread-pool-name="ejbThreadPool"/>
      <timer-service thread-pool-name="ejbThreadPool" default-data-store="default-file-store">
        <data-stores>
          <file-data-store name="default-file-store" path="timer-service-data" relative-to="jboss.server.data.dir"/>
        </data-stores>
      </timer-service>			
      <remote connector-ref="remoting-connector" thread-pool-name="ejbThreadPool"/>
      <thread-pools>
        <thread-pool name="ejbThreadPool">
          <max-threads count="${jboss.ejb3.thread.pool.max.size:10}"/>
          <keepalive-time time="${jboss.ejb3.thread.pool.keepAlive:100}" unit="milliseconds"/>
        </thread-pool>
      </thread-pools>    
      <iiop enable-by-default="false" use-qualified-name="false"/>
      <default-security-domain value="other"/>
      <default-missing-method-permissions-deny-access value="false"/>
    </subsystem>

    <subsystem xmlns="urn:jboss:domain:io:1.1">
      <worker name="default"/>
      <buffer-pool name="default"/>
    </subsystem>

    <subsystem xmlns="urn:jboss:domain:infinispan:2.0">		
      <cache-container name="web" aliases="standard-session-cache" default-cache="local-web"  module="org.wildfly.clustering.web.infinispan">
        <local-cache name="local-web" batching="true">
          <file-store passivation="false" purge="false"/>
        </local-cache>
      </cache-container>

      <cache-container name="ejb" aliases="sfsb" default-cache="persistent" module="org.wildfly.clustering.ejb.infinispan">
        <local-cache name="passivation" batching="true">
          <file-store passivation="true" purge="false"/>
        </local-cache>
        <local-cache name="persistent" batching="true">
          <file-store passivation="false" purge="false"/>
        </local-cache>
      </cache-container>			

      <cache-container name="hibernate" default-cache="local-query" module="org.hibernate">
        <local-cache name="entity">
          <transaction mode="NON_XA"/>
          <eviction strategy="LRU" max-entries="10000"/>
          <expiration max-idle="100000"/>
        </local-cache>
        <local-cache name="local-query">
          <transaction mode="NONE"/>
          <eviction strategy="LRU" max-entries="10000"/>
          <expiration max-idle="100000"/>
        </local-cache>
        <local-cache name="timestamps">
          <transaction mode="NONE"/>
          <eviction strategy="NONE"/>
        </local-cache>
      </cache-container>
    </subsystem>

    <subsystem xmlns="urn:jboss:domain:jaxrs:1.0"/>
    
    <subsystem xmlns="urn:jboss:domain:jca:2.0">
      <archive-validation enabled="true" fail-on-error="true" fail-on-warn="false"/>
      <bean-validation enabled="true"/>
      <default-workmanager>
        <short-running-threads>
          <core-threads count="50"/>
          <queue-length count="50"/>
          <max-threads count="50"/>
          <keepalive-time time="10" unit="seconds"/>
        </short-running-threads>
        <long-running-threads>
          <core-threads count="50"/>
          <queue-length count="50"/>
          <max-threads count="50"/>
          <keepalive-time time="10" unit="seconds"/>
        </long-running-threads>
      </default-workmanager>
      <cached-connection-manager/>
    </subsystem>
    
    <subsystem xmlns="urn:jboss:domain:jdr:1.0"/>
    
    <subsystem xmlns="urn:jboss:domain:jmx:1.3">
      <expose-resolved-model/>
      <expose-expression-model/>
      <remoting-connector/>
    </subsystem>
    
    <subsystem xmlns="urn:jboss:domain:jpa:1.1">
      <jpa default-datasource="" default-extended-persistence-inheritance="DEEP"/>
    </subsystem>
    
    <subsystem xmlns="urn:jboss:domain:jsf:1.0"/>
    <subsystem xmlns="urn:jboss:domain:jsr77:1.0"/>
    
    <subsystem xmlns="urn:jboss:domain:mail:2.0">
      <mail-session name="default" jndi-name="java:jboss/mail/Default">
        <smtp-server outbound-socket-binding-ref="mail-smtp"/>
      </mail-session>
    </subsystem>

    <subsystem xmlns="urn:jboss:domain:messaging:2.0">
      <hornetq-server>
        <journal-file-size>102400</journal-file-size>			  
        <persistence-enabled>false</persistence-enabled>
        <scheduled-thread-pool-max-size>5</scheduled-thread-pool-max-size>
        <thread-pool-max-size>50</thread-pool-max-size>
        <security-enabled>true</security-enabled>
        <security-invalidation-interval>10000</security-invalidation-interval>
        <wild-card-routing-enabled>true</wild-card-routing-enabled>
        <management-address>jms.queue.hornetq.management</management-address>
        <management-notification-address>hornetq.notifications</management-notification-address>
        <cluster-user>admin</cluster-user>
        <cluster-password>passw0rd</cluster-password>
        <jmx-management-enabled>true</jmx-management-enabled>
        <jmx-domain>org.hornetq</jmx-domain>
        <!-- <message-counter-enabled>true</message-counter-enabled> -->
        <message-counter-sample-period>60000</message-counter-sample-period>
        <message-counter-max-day-history>3</message-counter-max-day-history>
        <connection-ttl-override>-1</connection-ttl-override>
        <async-connection-execution-enabled>true</async-connection-execution-enabled>
        <transaction-timeout>300000</transaction-timeout>
        <transaction-timeout-scan-period>1000</transaction-timeout-scan-period>
        <message-expiry-scan-period>30000</message-expiry-scan-period>
        <message-expiry-thread-priority>3</message-expiry-thread-priority>
        <id-cache-size>2000</id-cache-size>
        <persist-id-cache>true</persist-id-cache>
        <backup>false</backup>
        <shared-store>false</shared-store>
        <persist-delivery-count-before-delivery>false</persist-delivery-count-before-delivery>
        <journal-type>NIO</journal-type>
        <journal-buffer-timeout>3333333</journal-buffer-timeout>
        <journal-buffer-size>501760</journal-buffer-size>
        <journal-sync-transactional>true</journal-sync-transactional>
        <journal-sync-non-transactional>true</journal-sync-non-transactional>
        <log-journal-write-rate>false</log-journal-write-rate>              
        <journal-min-files>2</journal-min-files>
        <journal-compact-percentage>30</journal-compact-percentage>
        <journal-compact-min-files>10</journal-compact-min-files>
        <journal-max-io>1</journal-max-io>
        <perf-blast-pages>-1</perf-blast-pages>
        <run-sync-speed-test>false</run-sync-speed-test>
        <server-dump-interval>-1</server-dump-interval>
        <memory-warning-threshold>25</memory-warning-threshold>
        <memory-measure-interval>-1</memory-measure-interval>
        <paging-directory path="${jboss.server.data.dir}/hornetq/paging"/>
        <bindings-directory path="${jboss.server.data.dir}/hornetq/bindings"/>
        <journal-directory path="${jboss.server.data.dir}/hornetq/journal"/>
        <large-messages-directory path="${jboss.server.data.dir}/hornetq/largemessages"/>

        <connectors>
          <netty-connector name="netty" socket-binding="messaging">
            <param key="host" value="${java.rmi.server.hostname:localhost}"/>
            <param key="port" value="${hornetq.remoting.netty.port:5445}"/>                  
            <param key="ssl-enabled" value="true"/>     
            <param key="key-store-path" value="${javax.net.ssl.keyStore}"/>
            <param key="key-store-password" value="${javax.net.ssl.keyStorePassword}"/>
            <param key="use-nio" value="true"/>
            <param key="tcp-no-delay" value="true"/>
            <param key="tcp-send-buffer-size" value="131072"/>
            <param key="tcp-receive-buffer-size" value="131072"/>
          </netty-connector>

          <in-vm-connector name="in-vm" server-id="0"/>
        </connectors>
        <acceptors>
          <netty-acceptor name="netty" socket-binding="messaging">
            <param key="host" value="${jboss.bind.address:locahost}"/>
            <param key="port" value="${hornetq.remoting.netty.port:5445}"/>                  
            <param key="ssl-enabled" value="true"/>
            <param key="key-store-path" value="${javax.net.ssl.keyStore}"/>
            <param key="key-store-password" value="${javax.net.ssl.keyStorePassword}"/>        
            <param key="trust-store-path" value="${javax.net.ssl.trustStore}"/>
            <param key="trust-store-password" value="${javax.net.ssl.trustStorePassword}"/>
            <param key="use-nio" value="true"/>
            <param key="tcp-no-delay" value="true"/>
            <param key="tcp-send-buffer-size" value="131072"/>
            <param key="tcp-receive-buffer-size" value="131072"/>
          </netty-acceptor>
          <in-vm-acceptor name="in-vm" server-id="0"/>
        </acceptors>

        <security-settings>
          <security-setting match="#">
            <permission type="send" roles="guest"/>
            <permission type="consume" roles="guest"/>
            <permission type="createNonDurableQueue" roles="guest"/>
            <permission type="deleteNonDurableQueue" roles="guest"/>
          </security-setting>
        </security-settings>

        <address-settings>
          <!--default for catch all-->
          <address-setting match="#">
            <dead-letter-address>jms.queue.DLQ</dead-letter-address>
            <expiry-address>jms.queue.ExpiryQueue</expiry-address>
            <redelivery-delay>0</redelivery-delay>
            <max-size-bytes>10485760</max-size-bytes>
            <page-size-bytes>2097152</page-size-bytes>
            <address-full-policy>BLOCK</address-full-policy>
            <message-counter-history-day-limit>10</message-counter-history-day-limit>
          </address-setting>
        </address-settings>

        <jms-connection-factories>
          <connection-factory name="RemoteConnectionFactory">
            <connectors>
              <connector-ref connector-name="netty"/>
            </connectors>
            <entries>
              <entry name="RemoteConnectionFactory"/>
              <entry name="java:jboss/exported/jms/RemoteConnectionFactory"/>
            </entries>
            <client-failure-check-period>60000</client-failure-check-period>
            <connection-ttl>150000</connection-ttl>
            <call-timeout>30000</call-timeout>
            <consumer-window-size>1048576</consumer-window-size>
            <consumer-max-rate>-1</consumer-max-rate>
            <confirmation-window-size>-1</confirmation-window-size>
            <producer-window-size>1048576</producer-window-size>
            <producer-max-rate>-1</producer-max-rate>
            <cache-large-message-client>false</cache-large-message-client>
            <min-large-message-size>102400</min-large-message-size>
            <dups-ok-batch-size>1048576</dups-ok-batch-size>
            <transaction-batch-size>1048576</transaction-batch-size>
            <block-on-acknowledge>false</block-on-acknowledge>
            <block-on-non-durable-send>false</block-on-non-durable-send>
            <block-on-durable-send>true</block-on-durable-send>
            <pre-acknowledge>false</pre-acknowledge>
            <retry-interval>2000</retry-interval>
            <retry-interval-multiplier>1.0</retry-interval-multiplier>
            <max-retry-interval>2000</max-retry-interval>
            <reconnect-attempts>1</reconnect-attempts>
            <connection-load-balancing-policy-class-name>org.hornetq.api.core.client.loadbalance.RoundRobinConnectionLoadBalancingPolicy</connection-load-balancing-policy-class-name>
            <use-global-pools>true</use-global-pools>
            <scheduled-thread-pool-max-size>5</scheduled-thread-pool-max-size>
            <thread-pool-max-size>50</thread-pool-max-size>
          </connection-factory>
          <connection-factory name="InVMConnectionFactory">
            <connectors>
              <connector-ref connector-name="in-vm"/>
            </connectors>
            <entries>
              <entry name="java:/ConnectionFactory"/>
            </entries>
            <client-failure-check-period>60000</client-failure-check-period>
            <connection-ttl>150000</connection-ttl>
            <call-timeout>30000</call-timeout>
            <consumer-window-size>1048576</consumer-window-size>
            <consumer-max-rate>-1</consumer-max-rate>
            <confirmation-window-size>-1</confirmation-window-size>
            <producer-window-size>1048576</producer-window-size>
            <producer-max-rate>-1</producer-max-rate>
            <cache-large-message-client>false</cache-large-message-client>
            <min-large-message-size>102400</min-large-message-size>
            <dups-ok-batch-size>1048576</dups-ok-batch-size>
            <transaction-batch-size>1048576</transaction-batch-size>
            <block-on-acknowledge>false</block-on-acknowledge>
            <block-on-non-durable-send>false</block-on-non-durable-send>
            <block-on-durable-send>true</block-on-durable-send>
            <pre-acknowledge>false</pre-acknowledge>
            <retry-interval>2000</retry-interval>
            <retry-interval-multiplier>1.0</retry-interval-multiplier>
            <max-retry-interval>2000</max-retry-interval>
            <reconnect-attempts>1</reconnect-attempts>
            <connection-load-balancing-policy-class-name>org.hornetq.api.core.client.loadbalance.RoundRobinConnectionLoadBalancingPolicy</connection-load-balancing-policy-class-name>
            <use-global-pools>true</use-global-pools>
            <scheduled-thread-pool-max-size>5</scheduled-thread-pool-max-size>
            <thread-pool-max-size>50</thread-pool-max-size>
          </connection-factory>
          <pooled-connection-factory name="hornetq-ra">
            <transaction mode="xa"/>
            <connectors>
              <connector-ref connector-name="in-vm"/>
            </connectors>
            <entries>
              <entry name="java:/JmsXA"/>
            </entries>
          </pooled-connection-factory>
        </jms-connection-factories>

        <jms-destinations>
          <!-- Dead Letter and Expiry Queues -->
          <jms-queue name="DLQ">
            <entry name="/queue/DLQ"/>
          </jms-queue>

          <jms-queue name="ExpiryQueue">
            <entry name="/queue/ExpiryQueue"/>
          </jms-queue>

          <!-- DCM Topics -->

          <!-- Common Topic -->
          <jms-topic name="topic.dcfm.common">
            <entry name="java:jboss/exported/topic/dcfm/Common" />
            <entry name="/topic/dcfm/Common" />
          </jms-topic>

          <!-- Fault Topic -->
          <jms-topic name="topic.dcfm.fault">
            <entry name="java:jboss/exported/topic/dcfm/Fault" />
            <entry name="/topic/dcfm/Fault" />
          </jms-topic>

          <!-- FAS Topic -->
          <jms-topic name="topic.dcfm.fas">
            <entry name="java:jboss/exported/topic/dcfm/FAS" />
            <entry name="/topic/dcfm/FAS" />
          </jms-topic>

          <!-- Collection Topic -->
          <jms-topic name="topic.dcfm.collection">
            <entry name="java:jboss/exported/topic/dcfm/Collection" />
            <entry name="/topic/dcfm/Collection" />
          </jms-topic>

          <!-- FCIP Topic -->
          <jms-topic name="topic.dcfm.fcip">
            <entry name="java:jboss/exported/topic/dcfm/FCIP" />
            <entry name="/topic/dcfm/FCIP" />
          </jms-topic>

          <!-- FCS Topic -->
          <jms-topic name="topic.dcfm.fcs">
            <entry name="java:jboss/exported/topic/dcfm/FCS" />
            <entry name="/topic/dcfm/FCS" />
          </jms-topic>

          <!-- IP Discovery Topic -->
          <jms-topic name="topic.dcm.discovery.ip">
            <entry name="java:jboss/exported/topic/dcm/discovery.ip" />
            <entry name="/topic/dcm/discovery.ip" />
          </jms-topic>

          <jms-topic name="topic.dcm.discovery.ip.settings">
            <entry name="java:jboss/exported/topic/dcm/discovery.ip.settings" />
            <entry name="/topic/dcm/discovery.ip.settings" />
          </jms-topic>

          <jms-topic name="topic.dcm.discovery.ip.progress">
            <entry name="java:jboss/exported/topic/dcm/discovery.ip.progress" />
            <entry name="/topic/dcm/discovery.ip.progress" />
          </jms-topic>


          <!-- Firmware Download Topic -->
          <jms-topic name="topic.dcfm.firmwaredownload">
            <entry name="java:jboss/exported/topic/dcfm/FirmwareDownload" />
            <entry name="/topic/dcfm/FirmwareDownload" />
          </jms-topic>

          <!-- MetaSAN Topic -->
          <jms-topic name="topic.dcfm.metasan">
            <entry name="java:jboss/exported/topic/dcfm/MetaSan" />
            <entry name="/topic/dcfm/MetaSan" />
          </jms-topic>

          <!-- Performance Monitoring Topic -->
          <jms-topic name="topic.dcfm.perfmon">
            <entry name="java:jboss/exported/topic/dcfm/PerformanceMonitoring" />
            <entry name="/topic/dcfm/PerformanceMonitoring" />
          </jms-topic>

          <!-- Marching Ants Topic -->
          <jms-topic name="topic.dcfm.marchingants">
            <entry name="java:jboss/exported/topic/dcfm/MarchingAnts" />
            <entry name="/topic/dcfm/MarchingAnts" />
          </jms-topic>

          <!-- Thresholds Topic -->
          <jms-topic name="topic.dcfm.thresholds">
            <entry name="java:jboss/exported/topic/dcfm/Thresholds" />
            <entry name="/topic/dcfm/Thresholds" />
          </jms-topic>

          <!-- Zoning Topic -->
          <jms-topic name="topic.dcfm.zoning">
            <entry name="java:jboss/exported/topic/dcfm/Zoning" />
            <entry name="/topic/dcfm/Zoning" />
          </jms-topic>

          <!-- Crypto Topic -->
          <jms-topic name="topic.dcfm.crypto">
            <entry name="java:jboss/exported/topic/dcfm/Crypto" />
            <entry name="/topic/dcfm/Crypto" />
          </jms-topic>

          <!-- CEE Topic -->
          <jms-topic name="topic.dcfm.cee">
            <entry name="java:jboss/exported/topic/dcfm/CEE" />
            <entry name="/topic/dcfm/CEE" />
          </jms-topic>

          <!-- SMIA Topic -->
          <jms-topic name="topic.dcfm.smia">
            <entry name="java:jboss/exported/topic/dcfm/SMIA" />
            <entry name="/topic/dcfm/SMIA" />
          </jms-topic>

          <!-- HBA/Host Management Topic -->
          <jms-topic name="topic.dcfm.host">
            <entry name="java:jboss/exported/topic/dcfm/host" />
            <entry name="/topic/dcfm/host" />
          </jms-topic>


          <!-- VMM Topic -->
          <jms-topic name="topic.dcm.vmm">
            <entry name="java:jboss/exported/topic/dcm/vmm" />
            <entry name="/topic/dcm/vmm" />
          </jms-topic>

          <!-- VMM Stats Topic -->
          <jms-topic name="topic.dcm.vmmstats">
            <entry name="java:jboss/exported/topic/dcm/vmmstats" />
            <entry name="/topic/dcm/vmmstats" />
          </jms-topic>

          <!-- Dashboard Summary Topic for status -->
          <jms-topic name="topic.dcm.summary">
            <entry name="java:jboss/exported/topic/dcm/summary" />
            <entry name="/topic/dcm/summary" />
          </jms-topic>

          <!-- Dashboard Summary Topic for perfmon -->
          <jms-topic name="topic.dcm.summary.perfmon">
            <entry name="java:jboss/exported/topic/dcm/summary.perfmon" />
            <entry name="/topic/dcm/summary.perfmon" />
          </jms-topic>

          <!-- Dashboard Summary Topic for all -->
          <jms-topic name="topic.dcm.summary.#">
            <entry name="java:jboss/exported/topic/dcm/summary.#" />
            <entry name="/topic/dcm/summary.#" />
          </jms-topic>

          <!-- Power Manager Topic -->
          <jms-topic name="topic.dcm.powermanager">
            <entry name="java:jboss/exported/topic/dcm/powermanager" />
            <entry name="/topic/dcm/powermanager" />
          </jms-topic>

          <!-- IP Performance Monitor Topic -->
          <jms-topic name="topic.dcm.perfmon.performancemonitor.ip">
            <entry name="java:jboss/exported/topic/dcm/perfmon/performancemonitor.ip" />
            <entry name="/topic/dcm/perfmon/performancemonitor.ip" />
          </jms-topic>

          <!-- Apollo Fault Management Internal Topic -->
          <jms-topic name="topic.dcm.faultinternal">                   
            <entry name="/topic/dcm/faultinternal" />
          </jms-topic>

          <!-- Apollo Fault Management Topic -->
          <jms-topic name="topic.dcm.fault">
            <entry name="java:jboss/exported/topic/dcm/fault" />
            <entry name="/topic/dcm/fault" />
          </jms-topic>

          <!-- Poll Service Topic -->
          <jms-topic name="topic.dcm.healthmonitor">
            <entry name="java:jboss/exported/topic/dcm/healthmonitor" />
            <entry name="/topic/dcm/healthmonitor" />
          </jms-topic>

          <!-- MPLS Manager Topic -->
          <jms-topic name="topic.dcm.mplsmanager">
            <entry name="java:jboss/exported/topic/dcm/mplsmanager" />
            <entry name="/topic/dcm/mplsmanager" />
          </jms-topic>

          <!-- IP cfgmgmt Topic -->
          <jms-topic name="topic.dcm.cfgmgmt.ip">
            <entry name="java:jboss/exported/topic/dcm/cfgmgmt.ip" />
            <entry name="/topic/dcm/cfgmgmt.ip" />
          </jms-topic>

          <!-- IP deployment Topic -->
          <jms-topic name="topic.dcm.ipdeployment">
            <entry name="java:jboss/exported/topic/dcm/ipdeployment" />
            <entry name="/topic/dcm/ipdeployment" />
          </jms-topic>

          <!-- IfIndex Topic -->
          <jms-topic name="topic.dcm.ifindex">
            <entry name="java:jboss/exported/topic/dcm/ifindex" />
            <entry name="/topic/dcm/ifindex" />
          </jms-topic>

          <!-- Policy Monitor Topic -->
          <jms-topic name="topic.dcm.policymonitor">
            <entry name="java:jboss/exported/topic/dcm/policymonitor" />
            <entry name="/topic/dcm/policymonitor" />
          </jms-topic>


          <!-- Reports Topic -->
          <jms-topic name="topic.dcm.reports">
            <entry name="java:jboss/exported/topic/dcm/reports" />
            <entry name="/topic/dcm/reports" />
          </jms-topic>

          <!-- FCP Topic -->
          <jms-topic name="topic.dcm.fcp">
            <entry name="java:jboss/exported/topic/dcm/fcp" />
            <entry name="/topic/dcm/fcp" />
          </jms-topic>

          <!-- webclient viewchange Topic -->
          <jms-topic name="topic.dcm.viewchange">
            <entry name="java:jboss/exported/topic/dcm/webviewchange" />
            <entry name="/topic/dcm/webviewchange" />
          </jms-topic>

          <!-- webclient DATAProvider Topic -->
          <jms-topic name="topic.dcm.dataprovider">
            <entry name="java:jboss/exported/topic/dcm/webclientdata" />
            <entry name="/topic/dcm/webclientdata" />
          </jms-topic>

          <!-- webclient Filter Topic -->
          <jms-topic name="topic.dcm.filter">
            <entry name="java:jboss/exported/topic/dcm/filter" />
            <entry name="/topic/dcm/filter" />
          </jms-topic>
		  
		 <!--rbac Topic -->
          <jms-topic name="topic.dcm.rbac">
            <entry name="java:jboss/exported/topic/dcm/rbac" />
            <entry name="/topic/dcm/rbac" />
         </jms-topic>
		 
          <!-- DCM Queues -->

          <!-- Fault Queue -->
          <jms-queue name="queue.dcfm.fault">
            <entry name="java:jboss/exported/queue/dcfm/Fault" />
            <entry name="/queue/dcfm/Fault" />
          </jms-queue>

          <!-- Application Event Queue -->
          <jms-queue name="queue.dcm.appEvent">
            <entry name="java:jboss/exported/queue/dcm/appEvent" />
            <entry name="/queue/dcm/appEvent" />
          </jms-queue>

          <!-- FCS Queue -->
          <jms-queue name="queue.dcfm.fcs">
            <entry name="java:jboss/exported/queue/dcfm/FCS" />
            <entry name="/queue/dcfm/FCS" />
          </jms-queue>


          <!-- IP Perf Queue -->
          <jms-queue name="queue.dcfm.ipperf">
            <entry name="java:jboss/exported/queue/dcfm/IpPerf" />
            <entry name="/queue/dcfm/IpPerf" />
          </jms-queue>

          <!-- IP Ping Queue -->
          <jms-queue name="queue.dcfm.ipping">
            <entry name="java:jboss/exported/queue/dcfm/IpPing" />
            <entry name="/queue/dcfm/IpPing" />
          </jms-queue>

          <!-- IP TraceRoute Queue -->
          <jms-queue name="queue.dcfm.iptraceroute">
            <entry name="java:jboss/exported/queue/dcfm/IpTraceroute" />
            <entry name="/queue/dcfm/IpTraceroute" />
          </jms-queue>

          <!-- TechSupport Queue -->
          <jms-queue name="queue.dcfm.techsupport">
            <entry name="java:jboss/exported/queue/dcfm/TechSupport" />
            <entry name="/queue/dcfm/TechSupport" />
          </jms-queue>

          <!-- Tracking Queue -->
          <jms-queue name="queue.dcfm.tracking">
            <entry name="java:jboss/exported/queue/dcfm/Tracking" />
            <entry name="/queue/dcfm/Tracking" />
          </jms-queue>
        </jms-destinations>
      </hornetq-server>
    </subsystem>

    <subsystem xmlns="urn:jboss:domain:naming:2.0">
      <remote-naming/>
    </subsystem>
    
    <subsystem xmlns="urn:jboss:domain:pojo:1.0"/>
    <subsystem xmlns="urn:jboss:domain:remoting:2.0">
      <connector name="remoting-connector" socket-binding="remoting" security-realm="DCMRealm"/>
    </subsystem>
    
    <subsystem xmlns="urn:jboss:domain:resource-adapters:2.0"/>
    <subsystem xmlns="urn:jboss:domain:sar:1.0"/>
    <subsystem xmlns="urn:jboss:domain:security:1.2">
      <security-domains>
        <security-domain name="other" cache-type="default">
    
          <authentication>
            <login-module code="Remoting" flag="optional">
              <module-option name="password-stacking" value="useFirstPass"/>
            </login-module>
            <login-module code="RealmDirect" flag="required">
              <module-option name="password-stacking" value="useFirstPass"/>
            </login-module>
          </authentication>
        </security-domain>
        <security-domain name="jboss-web-policy" cache-type="default">
          <authorization>
            <policy-module code="Delegating" flag="required"/>
          </authorization>
        </security-domain>
        <security-domain name="jboss-ejb-policy" cache-type="default">
          <authorization>
            <policy-module code="Delegating" flag="required"/>
          </authorization>
        </security-domain>
        <security-domain name="DCMDbRealm">
          <authentication>
            <login-module code="com.brocade.dcm.util.security.DcmIdentityLoginModule" flag="required" module="com.brocade.dbpassword">
              <module-option name="userName" value="${database.username:admin}"/>
              <module-option name="password" value="${database.password:4BzGG0V+s3IAAAN/Jdvwi116NROzqnT/frxR4g==}"/>
              <module-option name="managedConnectionFactoryName" value="jboss.jca:service=NoTxCM,name=DCMNoTxDS"/>
            </login-module>
          </authentication>
        </security-domain>
      </security-domains>
    </subsystem>
    
    <subsystem xmlns="urn:jboss:domain:transactions:2.0">
      <core-environment>
        <process-id>
          <uuid/>
        </process-id>
      </core-environment>
      <recovery-environment socket-binding="txn-recovery-environment" status-socket-binding="txn-status-manager"/>
      <coordinator-environment default-timeout="${jboss.jta.tm.transaction.timeout:300}"/>
    </subsystem>
    
    <subsystem xmlns="urn:jboss:domain:undertow:1.2">
      <buffer-cache name="default"/>
      <server name="default-server">
        <http-listener name="default" socket-binding="http" redirect-socket="https" max-post-size="9999999999"/> 				
				<https-listener name="https" socket-binding="https" security-realm="DCMRealm" max-post-size="9999999999" enabled-cipher-suites="TLS_RSA_WITH_AES_128_CBC_SHA,TLS_RSA_WITH_AES_128_CBC_SHA256,TLS_RSA_WITH_AES_128_GCM_SHA256,TLS_RSA_WITH_AES_256_CBC_SHA,TLS_RSA_WITH_AES_256_CBC_SHA256,TLS_RSA_WITH_AES_256_GCM_SHA384"/>
        <host name="default-host" alias="localhost,dcm-server">
          <location name="/" handler="welcome-content"/>
          <filter-ref name="server-header"/>
          <filter-ref name="x-powered-by-header"/>
        </host>								
      </server>
      <servlet-container name="default">
        <jsp-config/>
        <websockets/>
      </servlet-container>     
      <handlers>
        <file name="welcome-content" path="${jboss.home.dir}/welcome-content"/>
      </handlers>			
      <filters>
        <response-header name="server-header" header-name="Server" header-value="WildFly/8"/>
        <response-header name="x-powered-by-header" header-name="X-Powered-By" header-value="Undertow/1"/>
      </filters>
    </subsystem>
    
    <subsystem xmlns="urn:jboss:domain:webservices:1.2">
      <modify-wsdl-address>true</modify-wsdl-address>
      <wsdl-host>${jboss.bind.address:127.0.0.1}</wsdl-host>
      <wsdl-port>80</wsdl-port>
      <endpoint-config name="Standard-Endpoint-Config"/>
      <endpoint-config name="Recording-Endpoint-Config">
        <pre-handler-chain name="recording-handlers" protocol-bindings="##SOAP11_HTTP ##SOAP11_HTTP_MTOM ##SOAP12_HTTP ##SOAP12_HTTP_MTOM">
          <handler name="RecordingHandler" class="org.jboss.ws.common.invocation.RecordingServerHandler"/>
        </pre-handler-chain>
      </endpoint-config>
      <client-config name="Standard-Client-Config"/>
    </subsystem>
    <subsystem xmlns="urn:jboss:domain:weld:2.0"/>
  </profile>
  
  <interfaces>
    <interface name="management">
      <inet-address value="${jboss.bind.address:127.0.0.1}"/>
    </interface>
    <interface name="public">
      <inet-address value="${jboss.bind.address:127.0.0.1}"/>
    </interface>        
  </interfaces>

  <socket-binding-group name="standard-sockets" default-interface="public" port-offset="${jboss.socket.binding.port-offset:0}">
    <socket-binding name="management-native" interface="management" port="${jboss.management.native.port:9999}"/>        
    <socket-binding name="management-https" interface="management" port="${jboss.management.https.port:9443}"/>        
    <socket-binding name="http" port="${jboss.web.http.port:8080}"/>
    <socket-binding name="https" port="${jboss.web.https.port:8443}"/>
    <socket-binding name="messaging" port="${hornetq.remoting.netty.port:5445}"/>        
    <socket-binding name="remoting" port="${jboss.remoting.connector.port:4447}"/>
    <socket-binding name="txn-recovery-environment" port="${jboss.ts.recovery.port:4712}"/>
    <socket-binding name="txn-status-manager" port="${jboss.ts.status.port:4713}"/>
    <outbound-socket-binding name="mail-smtp">
      <remote-destination host="localhost" port="25"/>
    </outbound-socket-binding>
  </socket-binding-group>
</server>
